[{"model": "admin.logentry", "pk": 23, "fields": {"action_time": "2021-01-21T01:57:24.346Z", "user": 2, "content_type": 4, "object_id": "1", "object_repr": "yasin", "action_flag": 3, "change_message": ""}}, {"model": "admin.logentry", "pk": 24, "fields": {"action_time": "2021-01-21T02:02:42.649Z", "user": 2, "content_type": 10, "object_id": "3", "object_repr": "2022-2023", "action_flag": 1, "change_message": "[{\"added\": {}}]"}}, {"model": "admin.logentry", "pk": 25, "fields": {"action_time": "2021-01-21T02:52:32.285Z", "user": 2, "content_type": 7, "object_id": "12", "object_repr": "Dalem Utara", "action_flag": 1, "change_message": "[{\"added\": {}}]"}}, {"model": "admin.logentry", "pk": 26, "fields": {"action_time": "2021-01-24T03:29:11.953Z", "user": 2, "content_type": 11, "object_id": "3", "object_repr": "Universitas Nurul Jadid", "action_flag": 2, "change_message": "[{\"changed\": {\"fields\": [\"Foto\"]}}]"}}, {"model": "admin.logentry", "pk": 27, "fields": {"action_time": "2021-01-25T13:25:48.213Z", "user": 2, "content_type": 11, "object_id": "3", "object_repr": "Universitas Nurul Jadid", "action_flag": 2, "change_message": "[{\"changed\": {\"fields\": [\"Lembaga\"]}}]"}}, {"model": "admin.logentry", "pk": 28, "fields": {"action_time": "2021-01-25T13:27:23.259Z", "user": 2, "content_type": 9, "object_id": "3", "object_repr": "MI Nurul Qadim", "action_flag": 1, "change_message": "[{\"added\": {}}]"}}, {"model": "admin.logentry", "pk": 29, "fields": {"action_time": "2021-01-25T13:27:30.465Z", "user": 2, "content_type": 11, "object_id": "1", "object_repr": "Eko Purwanto", "action_flag": 2, "change_message": "[{\"changed\": {\"fields\": [\"Lembaga\"]}}]"}}, {"model": "admin.logentry", "pk": 30, "fields": {"action_time": "2021-01-26T03:38:27.991Z", "user": 2, "content_type": 11, "object_id": "2", "object_repr": "Moh. Ainol Yaqin", "action_flag": 2, "change_message": "[{\"changed\": {\"fields\": [\"Lembaga\"]}}]"}}, {"model": "admin.logentry", "pk": 31, "fields": {"action_time": "2021-03-09T12:59:38.717Z", "user": 2, "content_type": 3, "object_id": "1", "object_repr": "admin", "action_flag": 1, "change_message": "[{\"added\": {}}]"}}, {"model": "admin.logentry", "pk": 32, "fields": {"action_time": "2021-03-09T13:00:13.914Z", "user": 2, "content_type": 3, "object_id": "2", "object_repr": "lembaga", "action_flag": 1, "change_message": "[{\"added\": {}}]"}}, {"model": "admin.logentry", "pk": 33, "fields": {"action_time": "2021-03-09T13:00:27.830Z", "user": 2, "content_type": 4, "object_id": "2", "object_repr": "qadim", "action_flag": 2, "change_message": "[{\"changed\": {\"fields\": [\"Groups\"]}}]"}}, {"model": "admin.logentry", "pk": 34, "fields": {"action_time": "2021-03-10T23:48:13.540Z", "user": 2, "content_type": 4, "object_id": "3", "object_repr": "oke", "action_flag": 3, "change_message": ""}}, {"model": "admin.logentry", "pk": 35, "fields": {"action_time": "2021-03-10T23:57:24.663Z", "user": 2, "content_type": 4, "object_id": "4", "object_repr": "adadad", "action_flag": 3, "change_message": ""}}, {"model": "admin.logentry", "pk": 36, "fields": {"action_time": "2021-03-10T23:57:25.085Z", "user": 2, "content_type": 4, "object_id": "5", "object_repr": "jadid", "action_flag": 3, "change_message": ""}}, {"model": "admin.logentry", "pk": 37, "fields": {"action_time": "2021-03-10T23:57:35.038Z", "user": 2, "content_type": 9, "object_id": "4", "object_repr": "Universitas Nurul Jadid", "action_flag": 3, "change_message": ""}}, {"model": "admin.logentry", "pk": 38, "fields": {"action_time": "2021-03-11T00:06:01.696Z", "user": 2, "content_type": 9, "object_id": "3", "object_repr": "MI Nurul Qadim", "action_flag": 3, "change_message": ""}}, {"model": "admin.logentry", "pk": 39, "fields": {"action_time": "2021-03-11T00:06:01.881Z", "user": 2, "content_type": 9, "object_id": "2", "object_repr": "MA Nurul Qadim", "action_flag": 3, "change_message": ""}}, {"model": "admin.logentry", "pk": 40, "fields": {"action_time": "2021-03-11T00:06:01.988Z", "user": 2, "content_type": 9, "object_id": "1", "object_repr": "MTS Nurul Qadim", "action_flag": 3, "change_message": ""}}, {"model": "admin.logentry", "pk": 41, "fields": {"action_time": "2021-03-11T00:15:18.276Z", "user": 2, "content_type": 9, "object_id": "1", "object_repr": "Universitas Nurul Jadid", "action_flag": 2, "change_message": "[{\"changed\": {\"fields\": [\"User\"]}}]"}}, {"model": "admin.logentry", "pk": 42, "fields": {"action_time": "2021-03-11T06:38:35.963Z", "user": 2, "content_type": 3, "object_id": "3", "object_repr": "wilayah", "action_flag": 1, "change_message": "[{\"added\": {}}]"}}, {"model": "admin.logentry", "pk": 43, "fields": {"action_time": "2021-03-11T06:38:52.534Z", "user": 2, "content_type": 3, "object_id": "4", "object_repr": "diniyah", "action_flag": 1, "change_message": "[{\"added\": {}}]"}}, {"model": "admin.logentry", "pk": 44, "fields": {"action_time": "2021-03-12T07:47:18.049Z", "user": 2, "content_type": 12, "object_id": "1", "object_repr": "Madrasah I'dadiyah Nurul Qadim", "action_flag": 1, "change_message": "[{\"added\": {}}]"}}, {"model": "admin.logentry", "pk": 45, "fields": {"action_time": "2021-03-16T21:43:47.359Z", "user": 2, "content_type": 11, "object_id": "4", "object_repr": "Anis", "action_flag": 1, "change_message": "[{\"added\": {}}]"}}, {"model": "admin.logentry", "pk": 46, "fields": {"action_time": "2021-03-24T02:12:19.853Z", "user": 2, "content_type": 9, "object_id": "5", "object_repr": "MA Nurul Qadim", "action_flag": 3, "change_message": ""}}, {"model": "admin.logentry", "pk": 47, "fields": {"action_time": "2021-03-24T02:12:27.106Z", "user": 2, "content_type": 9, "object_id": "4", "object_repr": "MTS Nurul Qadim", "action_flag": 3, "change_message": ""}}, {"model": "admin.logentry", "pk": 48, "fields": {"action_time": "2021-03-24T02:12:32.008Z", "user": 2, "content_type": 9, "object_id": "3", "object_repr": "MI Nurul Qadim", "action_flag": 3, "change_message": ""}}, {"model": "admin.logentry", "pk": 49, "fields": {"action_time": "2021-03-24T02:12:36.515Z", "user": 2, "content_type": 9, "object_id": "2", "object_repr": "TK Nurul Hasan", "action_flag": 3, "change_message": ""}}, {"model": "admin.logentry", "pk": 50, "fields": {"action_time": "2021-03-24T02:12:41.626Z", "user": 2, "content_type": 9, "object_id": "1", "object_repr": "PAUD Nurul Qadim", "action_flag": 3, "change_message": ""}}, {"model": "admin.logentry", "pk": 51, "fields": {"action_time": "2021-03-24T02:37:02.708Z", "user": 2, "content_type": 12, "object_id": "5", "object_repr": "Ma'had Aly", "action_flag": 3, "change_message": ""}}, {"model": "admin.logentry", "pk": 52, "fields": {"action_time": "2021-03-24T02:37:19.322Z", "user": 2, "content_type": 12, "object_id": "4", "object_repr": "PDF Nurul Qadim Tingkat Ula", "action_flag": 3, "change_message": ""}}, {"model": "admin.logentry", "pk": 53, "fields": {"action_time": "2021-03-24T02:37:25.917Z", "user": 2, "content_type": 12, "object_id": "3", "object_repr": "PDF Nurul Qadim Tingkat Wustha", "action_flag": 3, "change_message": ""}}, {"model": "admin.logentry", "pk": 54, "fields": {"action_time": "2021-03-24T02:37:33.790Z", "user": 2, "content_type": 12, "object_id": "2", "object_repr": "TPQ An-Nuriyah", "action_flag": 3, "change_message": ""}}, {"model": "admin.logentry", "pk": 55, "fields": {"action_time": "2021-03-24T02:37:41.195Z", "user": 2, "content_type": 12, "object_id": "1", "object_repr": "Madrasah I'dadiyah Nurul Qadim", "action_flag": 3, "change_message": ""}}, {"model": "admin.logentry", "pk": 56, "fields": {"action_time": "2021-03-26T23:22:00.335Z", "user": 2, "content_type": 4, "object_id": "12", "object_repr": "anis", "action_flag": 3, "change_message": ""}}, {"model": "admin.logentry", "pk": 57, "fields": {"action_time": "2021-03-26T23:22:00.566Z", "user": 2, "content_type": 4, "object_id": "7", "object_repr": "ayun", "action_flag": 3, "change_message": ""}}, {"model": "admin.logentry", "pk": 58, "fields": {"action_time": "2021-03-26T23:22:00.665Z", "user": 2, "content_type": 4, "object_id": "10", "object_repr": "didik", "action_flag": 3, "change_message": ""}}, {"model": "admin.logentry", "pk": 59, "fields": {"action_time": "2021-03-26T23:22:00.788Z", "user": 2, "content_type": 4, "object_id": "6", "object_repr": "firman", "action_flag": 3, "change_message": ""}}, {"model": "admin.logentry", "pk": 60, "fields": {"action_time": "2021-03-26T23:22:00.881Z", "user": 2, "content_type": 4, "object_id": "14", "object_repr": "jaya", "action_flag": 3, "change_message": ""}}, {"model": "admin.logentry", "pk": 61, "fields": {"action_time": "2021-03-26T23:22:00.988Z", "user": 2, "content_type": 4, "object_id": "8", "object_repr": "mujib", "action_flag": 3, "change_message": ""}}, {"model": "admin.logentry", "pk": 62, "fields": {"action_time": "2021-03-26T23:22:01.081Z", "user": 2, "content_type": 4, "object_id": "9", "object_repr": "nana", "action_flag": 3, "change_message": ""}}, {"model": "admin.logentry", "pk": 63, "fields": {"action_time": "2021-03-26T23:22:01.176Z", "user": 2, "content_type": 4, "object_id": "11", "object_repr": "qadima", "action_flag": 3, "change_message": ""}}, {"model": "admin.logentry", "pk": 64, "fields": {"action_time": "2021-03-26T23:22:01.277Z", "user": 2, "content_type": 4, "object_id": "13", "object_repr": "siaga", "action_flag": 3, "change_message": ""}}, {"model": "admin.logentry", "pk": 65, "fields": {"action_time": "2021-03-27T15:46:46.189Z", "user": 2, "content_type": 9, "object_id": "12", "object_repr": "Alan", "action_flag": 3, "change_message": ""}}, {"model": "admin.logentry", "pk": 66, "fields": {"action_time": "2021-03-27T15:46:46.324Z", "user": 2, "content_type": 9, "object_id": "11", "object_repr": "ALi", "action_flag": 3, "change_message": ""}}, {"model": "admin.logentry", "pk": 67, "fields": {"action_time": "2021-03-27T16:23:10.915Z", "user": 2, "content_type": 7, "object_id": "15", "object_repr": "gang k", "action_flag": 3, "change_message": ""}}, {"model": "admin.logentry", "pk": 68, "fields": {"action_time": "2021-03-27T16:23:11.007Z", "user": 2, "content_type": 7, "object_id": "14", "object_repr": "Khadim", "action_flag": 3, "change_message": ""}}, {"model": "admin.logentry", "pk": 69, "fields": {"action_time": "2021-03-27T16:23:11.118Z", "user": 2, "content_type": 7, "object_id": "13", "object_repr": "Pondok Anak-Anak", "action_flag": 3, "change_message": ""}}, {"model": "admin.logentry", "pk": 70, "fields": {"action_time": "2021-03-27T16:23:11.219Z", "user": 2, "content_type": 7, "object_id": "12", "object_repr": "Banat 2", "action_flag": 3, "change_message": ""}}, {"model": "admin.logentry", "pk": 71, "fields": {"action_time": "2021-03-27T16:23:11.340Z", "user": 2, "content_type": 7, "object_id": "11", "object_repr": "Banat 1", "action_flag": 3, "change_message": ""}}, {"model": "admin.logentry", "pk": 72, "fields": {"action_time": "2021-03-27T16:23:11.428Z", "user": 2, "content_type": 7, "object_id": "10", "object_repr": "Pondok Putra1", "action_flag": 3, "change_message": ""}}, {"model": "admin.logentry", "pk": 73, "fields": {"action_time": "2021-03-27T21:48:44.551Z", "user": 2, "content_type": 4, "object_id": "29", "object_repr": "banat1", "action_flag": 2, "change_message": "[{\"changed\": {\"fields\": [\"Username\"]}}]"}}, {"model": "admin.logentry", "pk": 74, "fields": {"action_time": "2021-03-27T21:49:11.327Z", "user": 2, "content_type": 4, "object_id": "33", "object_repr": "khadim", "action_flag": 2, "change_message": "[{\"changed\": {\"fields\": [\"Username\"]}}]"}}, {"model": "admin.logentry", "pk": 75, "fields": {"action_time": "2021-03-27T21:51:30.505Z", "user": 2, "content_type": 4, "object_id": "32", "object_repr": "pondokanakanak", "action_flag": 2, "change_message": "[{\"changed\": {\"fields\": [\"Username\"]}}]"}}, {"model": "admin.logentry", "pk": 76, "fields": {"action_time": "2021-03-28T02:24:27.546Z", "user": 2, "content_type": 9, "object_id": "13", "object_repr": "klo", "action_flag": 3, "change_message": ""}}, {"model": "admin.logentry", "pk": 77, "fields": {"action_time": "2021-03-28T06:36:53.350Z", "user": 2, "content_type": 11, "object_id": "5", "object_repr": "Fitri", "action_flag": 1, "change_message": "[{\"added\": {}}]"}}, {"model": "admin.logentry", "pk": 78, "fields": {"action_time": "2021-03-28T17:12:29.492Z", "user": 2, "content_type": 11, "object_id": "5", "object_repr": "Fitri", "action_flag": 2, "change_message": "[{\"changed\": {\"fields\": [\"Diniyah\"]}}]"}}, {"model": "admin.logentry", "pk": 79, "fields": {"action_time": "2021-03-28T17:22:47.002Z", "user": 2, "content_type": 11, "object_id": "4", "object_repr": "Anis", "action_flag": 2, "change_message": "[{\"changed\": {\"fields\": [\"Wilayah\", \"Lembaga\", \"Diniyah\"]}}]"}}, {"model": "admin.logentry", "pk": 80, "fields": {"action_time": "2021-03-28T17:36:27.314Z", "user": 2, "content_type": 11, "object_id": "3", "object_repr": "Universitas Nurul Jadid", "action_flag": 2, "change_message": "[{\"changed\": {\"fields\": [\"Nisn\", \"Noi jasah\", \"Nik\", \"No kk\", \"Tempat lahir\", \"Tanggal lahir\", \"Tanggal masuk pesantren\", \"Wilayah\", \"Lembaga\", \"Diniyah\"]}}]"}}, {"model": "admin.logentry", "pk": 81, "fields": {"action_time": "2021-03-29T01:17:25.738Z", "user": 2, "content_type": 11, "object_id": "6", "object_repr": "Moh. Maskur", "action_flag": 1, "change_message": "[{\"added\": {}}]"}}, {"model": "admin.logentry", "pk": 82, "fields": {"action_time": "2021-03-29T01:20:35.728Z", "user": 2, "content_type": 11, "object_id": "7", "object_repr": "Ilham Ramadan", "action_flag": 1, "change_message": "[{\"added\": {}}]"}}, {"model": "admin.logentry", "pk": 83, "fields": {"action_time": "2021-03-29T01:24:27.397Z", "user": 2, "content_type": 11, "object_id": "8", "object_repr": "Dilan Mahesa", "action_flag": 1, "change_message": "[{\"added\": {}}]"}}, {"model": "admin.logentry", "pk": 84, "fields": {"action_time": "2021-03-29T01:26:53.446Z", "user": 2, "content_type": 11, "object_id": "6", "object_repr": "Moh. Maskur", "action_flag": 2, "change_message": "[{\"changed\": {\"fields\": [\"Wilayah\"]}}]"}}, {"model": "admin.logentry", "pk": 85, "fields": {"action_time": "2021-03-29T01:27:27.796Z", "user": 2, "content_type": 11, "object_id": "8", "object_repr": "Dilan Mahesa", "action_flag": 2, "change_message": "[{\"changed\": {\"fields\": [\"Wilayah\"]}}]"}}, {"model": "admin.logentry", "pk": 86, "fields": {"action_time": "2021-03-30T22:41:39.088Z", "user": 2, "content_type": 11, "object_id": "10", "object_repr": "Reta Sari", "action_flag": 1, "change_message": "[{\"added\": {}}]"}}, {"model": "admin.logentry", "pk": 87, "fields": {"action_time": "2021-03-30T22:42:46.724Z", "user": 2, "content_type": 11, "object_id": "11", "object_repr": "Agung Kuncoro", "action_flag": 1, "change_message": "[{\"added\": {}}]"}}, {"model": "admin.logentry", "pk": 88, "fields": {"action_time": "2021-04-02T07:10:29.287Z", "user": 2, "content_type": 11, "object_id": "2", "object_repr": "Moh. Ainol Yaqin", "action_flag": 3, "change_message": ""}}, {"model": "admin.logentry", "pk": 89, "fields": {"action_time": "2021-04-16T02:48:21.552Z", "user": 2, "content_type": 14, "object_id": "1", "object_repr": "Moh. Maskur", "action_flag": 1, "change_message": "[{\"added\": {}}]"}}, {"model": "admin.logentry", "pk": 90, "fields": {"action_time": "2021-04-21T05:18:16.324Z", "user": 2, "content_type": 14, "object_id": "2", "object_repr": "Fitri", "action_flag": 1, "change_message": "[{\"added\": {}}]"}}, {"model": "admin.logentry", "pk": 91, "fields": {"action_time": "2021-04-21T05:19:47.686Z", "user": 2, "content_type": 14, "object_id": "3", "object_repr": "Andrean", "action_flag": 1, "change_message": "[{\"added\": {}}]"}}, {"model": "admin.logentry", "pk": 92, "fields": {"action_time": "2021-04-21T05:20:20.301Z", "user": 2, "content_type": 14, "object_id": "4", "object_repr": "Aura Kasih", "action_flag": 1, "change_message": "[{\"added\": {}}]"}}, {"model": "admin.logentry", "pk": 93, "fields": {"action_time": "2021-04-21T05:57:27.335Z", "user": 2, "content_type": 16, "object_id": "1", "object_repr": "Olahraga", "action_flag": 1, "change_message": "[{\"added\": {}}]"}}, {"model": "admin.logentry", "pk": 94, "fields": {"action_time": "2021-04-21T05:57:39.391Z", "user": 2, "content_type": 16, "object_id": "2", "object_repr": "Kesenian", "action_flag": 1, "change_message": "[{\"added\": {}}]"}}, {"model": "admin.logentry", "pk": 95, "fields": {"action_time": "2021-04-21T05:58:19.501Z", "user": 2, "content_type": 16, "object_id": "3", "object_repr": "3, Membaca", "action_flag": 1, "change_message": "[{\"added\": {}}]"}}, {"model": "admin.logentry", "pk": 96, "fields": {"action_time": "2021-04-21T05:58:55.537Z", "user": 2, "content_type": 16, "object_id": "4", "object_repr": "4, Menulis", "action_flag": 1, "change_message": "[{\"added\": {}}]"}}, {"model": "admin.logentry", "pk": 97, "fields": {"action_time": "2021-04-21T05:59:03.041Z", "user": 2, "content_type": 16, "object_id": "5", "object_repr": "5, Travelling", "action_flag": 1, "change_message": "[{\"added\": {}}]"}}, {"model": "admin.logentry", "pk": 98, "fields": {"action_time": "2021-04-21T05:59:10.816Z", "user": 2, "content_type": 16, "object_id": "6", "object_repr": "6, Lainnya", "action_flag": 1, "change_message": "[{\"added\": {}}]"}}, {"model": "admin.logentry", "pk": 99, "fields": {"action_time": "2021-04-21T06:09:31.482Z", "user": 2, "content_type": 17, "object_id": "1", "object_repr": "1, Islam", "action_flag": 1, "change_message": "[{\"added\": {}}]"}}, {"model": "admin.logentry", "pk": 100, "fields": {"action_time": "2021-04-21T06:09:45.335Z", "user": 2, "content_type": 18, "object_id": "1", "object_repr": "1, PNS", "action_flag": 1, "change_message": "[{\"added\": {}}]"}}, {"model": "admin.logentry", "pk": 101, "fields": {"action_time": "2021-04-21T06:09:56.357Z", "user": 2, "content_type": 18, "object_id": "2", "object_repr": "2, TNI/Polri", "action_flag": 1, "change_message": "[{\"added\": {}}]"}}, {"model": "admin.logentry", "pk": 102, "fields": {"action_time": "2021-04-21T06:10:13.869Z", "user": 2, "content_type": 18, "object_id": "3", "object_repr": "3, Guru/Dosen", "action_flag": 1, "change_message": "[{\"added\": {}}]"}}, {"model": "admin.logentry", "pk": 103, "fields": {"action_time": "2021-04-21T06:10:23.094Z", "user": 2, "content_type": 18, "object_id": "4", "object_repr": "4, Dokter", "action_flag": 1, "change_message": "[{\"added\": {}}]"}}, {"model": "admin.logentry", "pk": 104, "fields": {"action_time": "2021-04-21T06:10:30.855Z", "user": 2, "content_type": 18, "object_id": "5", "object_repr": "5, Politikus", "action_flag": 1, "change_message": "[{\"added\": {}}]"}}, {"model": "admin.logentry", "pk": 105, "fields": {"action_time": "2021-04-21T06:10:44.382Z", "user": 2, "content_type": 18, "object_id": "6", "object_repr": "6, Wiraswasta", "action_flag": 1, "change_message": "[{\"added\": {}}]"}}, {"model": "admin.logentry", "pk": 106, "fields": {"action_time": "2021-04-21T06:11:00.096Z", "user": 2, "content_type": 18, "object_id": "7", "object_repr": "7, Seni/Lukis/Artis/Sejenis", "action_flag": 1, "change_message": "[{\"added\": {}}]"}}, {"model": "admin.logentry", "pk": 107, "fields": {"action_time": "2021-04-21T06:11:07.031Z", "user": 2, "content_type": 18, "object_id": "8", "object_repr": "8, Lainnya", "action_flag": 1, "change_message": "[{\"added\": {}}]"}}, {"model": "admin.logentry", "pk": 108, "fields": {"action_time": "2021-04-21T06:11:40.281Z", "user": 2, "content_type": 19, "object_id": "1", "object_repr": "1, Naik dari tingkat/kelas sebelumnya", "action_flag": 1, "change_message": "[{\"added\": {}}]"}}, {"model": "admin.logentry", "pk": 109, "fields": {"action_time": "2021-04-21T06:11:49.033Z", "user": 2, "content_type": 19, "object_id": "2", "object_repr": "2, Mengulang", "action_flag": 1, "change_message": "[{\"added\": {}}]"}}, {"model": "admin.logentry", "pk": 110, "fields": {"action_time": "2021-04-21T06:11:59.800Z", "user": 2, "content_type": 19, "object_id": "3", "object_repr": "3, Santri Pindahan", "action_flag": 1, "change_message": "[{\"added\": {}}]"}}, {"model": "admin.logentry", "pk": 111, "fields": {"action_time": "2021-04-21T06:12:15.933Z", "user": 2, "content_type": 19, "object_id": "4", "object_repr": "4, Drop-Out Kembali", "action_flag": 1, "change_message": "[{\"added\": {}}]"}}, {"model": "admin.logentry", "pk": 112, "fields": {"action_time": "2021-04-21T06:12:26.341Z", "user": 2, "content_type": 19, "object_id": "5", "object_repr": "5, Santri Baru", "action_flag": 1, "change_message": "[{\"added\": {}}]"}}, {"model": "admin.logentry", "pk": 113, "fields": {"action_time": "2021-04-21T06:12:40.894Z", "user": 2, "content_type": 20, "object_id": "1", "object_repr": "1, Masih Hidup", "action_flag": 1, "change_message": "[{\"added\": {}}]"}}, {"model": "admin.logentry", "pk": 114, "fields": {"action_time": "2021-04-21T06:12:51.468Z", "user": 2, "content_type": 20, "object_id": "2", "object_repr": "2, Sudah Meninggal", "action_flag": 1, "change_message": "[{\"added\": {}}]"}}, {"model": "admin.logentry", "pk": 115, "fields": {"action_time": "2021-04-21T06:13:14.141Z", "user": 2, "content_type": 21, "object_id": "1", "object_repr": "1, Masih Hidup", "action_flag": 1, "change_message": "[{\"added\": {}}]"}}, {"model": "admin.logentry", "pk": 116, "fields": {"action_time": "2021-04-21T06:13:22.217Z", "user": 2, "content_type": 21, "object_id": "2", "object_repr": "2, Sudah Meninggal", "action_flag": 1, "change_message": "[{\"added\": {}}]"}}, {"model": "admin.logentry", "pk": 117, "fields": {"action_time": "2021-04-21T07:06:43.034Z", "user": 2, "content_type": 23, "object_id": "1", "object_repr": "1, <= SLTP", "action_flag": 1, "change_message": "[{\"added\": {}}]"}}, {"model": "admin.logentry", "pk": 118, "fields": {"action_time": "2021-04-21T07:07:01.551Z", "user": 2, "content_type": 23, "object_id": "2", "object_repr": "2, SLTA", "action_flag": 1, "change_message": "[{\"added\": {}}]"}}, {"model": "admin.logentry", "pk": 119, "fields": {"action_time": "2021-04-21T07:07:11.099Z", "user": 2, "content_type": 23, "object_id": "3", "object_repr": "3, D1", "action_flag": 1, "change_message": "[{\"added\": {}}]"}}, {"model": "admin.logentry", "pk": 120, "fields": {"action_time": "2021-04-21T07:07:24.760Z", "user": 2, "content_type": 23, "object_id": "4", "object_repr": "4, D2", "action_flag": 1, "change_message": "[{\"added\": {}}]"}}, {"model": "admin.logentry", "pk": 121, "fields": {"action_time": "2021-04-21T07:07:32.147Z", "user": 2, "content_type": 23, "object_id": "5", "object_repr": "5, D3", "action_flag": 1, "change_message": "[{\"added\": {}}]"}}, {"model": "admin.logentry", "pk": 122, "fields": {"action_time": "2021-04-21T07:07:43.423Z", "user": 2, "content_type": 23, "object_id": "6", "object_repr": "6, D4", "action_flag": 1, "change_message": "[{\"added\": {}}]"}}, {"model": "admin.logentry", "pk": 123, "fields": {"action_time": "2021-04-21T07:07:54.019Z", "user": 2, "content_type": 23, "object_id": "7", "object_repr": "7, S1", "action_flag": 1, "change_message": "[{\"added\": {}}]"}}, {"model": "admin.logentry", "pk": 124, "fields": {"action_time": "2021-04-21T07:08:14.647Z", "user": 2, "content_type": 22, "object_id": "1", "object_repr": "1, <= SLTP", "action_flag": 1, "change_message": "[{\"added\": {}}]"}}, {"model": "admin.logentry", "pk": 125, "fields": {"action_time": "2021-04-21T07:08:21.948Z", "user": 2, "content_type": 22, "object_id": "2", "object_repr": "2, SLTA", "action_flag": 1, "change_message": "[{\"added\": {}}]"}}, {"model": "admin.logentry", "pk": 126, "fields": {"action_time": "2021-04-21T07:08:28.943Z", "user": 2, "content_type": 22, "object_id": "3", "object_repr": "3, D1", "action_flag": 1, "change_message": "[{\"added\": {}}]"}}, {"model": "admin.logentry", "pk": 127, "fields": {"action_time": "2021-04-21T07:08:36.650Z", "user": 2, "content_type": 22, "object_id": "4", "object_repr": "4, D2", "action_flag": 1, "change_message": "[{\"added\": {}}]"}}, {"model": "admin.logentry", "pk": 128, "fields": {"action_time": "2021-04-21T07:08:44.756Z", "user": 2, "content_type": 22, "object_id": "5", "object_repr": "5, D3", "action_flag": 1, "change_message": "[{\"added\": {}}]"}}, {"model": "admin.logentry", "pk": 129, "fields": {"action_time": "2021-04-21T07:08:55.089Z", "user": 2, "content_type": 22, "object_id": "6", "object_repr": "6, D4", "action_flag": 1, "change_message": "[{\"added\": {}}]"}}, {"model": "admin.logentry", "pk": 130, "fields": {"action_time": "2021-04-21T07:09:04.020Z", "user": 2, "content_type": 22, "object_id": "7", "object_repr": "7, S1", "action_flag": 1, "change_message": "[{\"added\": {}}]"}}, {"model": "admin.logentry", "pk": 131, "fields": {"action_time": "2021-04-21T07:10:38.165Z", "user": 2, "content_type": 24, "object_id": "1", "object_repr": "1, <= SLTP", "action_flag": 1, "change_message": "[{\"added\": {}}]"}}, {"model": "admin.logentry", "pk": 132, "fields": {"action_time": "2021-04-21T07:10:47.785Z", "user": 2, "content_type": 24, "object_id": "2", "object_repr": "2, SLTA", "action_flag": 1, "change_message": "[{\"added\": {}}]"}}, {"model": "admin.logentry", "pk": 133, "fields": {"action_time": "2021-04-21T07:10:56.715Z", "user": 2, "content_type": 24, "object_id": "3", "object_repr": "3, D1", "action_flag": 1, "change_message": "[{\"added\": {}}]"}}, {"model": "admin.logentry", "pk": 134, "fields": {"action_time": "2021-04-21T07:11:06.987Z", "user": 2, "content_type": 24, "object_id": "4", "object_repr": "4, D2", "action_flag": 1, "change_message": "[{\"added\": {}}]"}}, {"model": "admin.logentry", "pk": 135, "fields": {"action_time": "2021-04-21T07:11:15.988Z", "user": 2, "content_type": 24, "object_id": "5", "object_repr": "5, D3", "action_flag": 1, "change_message": "[{\"added\": {}}]"}}, {"model": "admin.logentry", "pk": 136, "fields": {"action_time": "2021-04-21T07:11:24.800Z", "user": 2, "content_type": 24, "object_id": "6", "object_repr": "6, D4", "action_flag": 1, "change_message": "[{\"added\": {}}]"}}, {"model": "admin.logentry", "pk": 137, "fields": {"action_time": "2021-04-21T07:11:33.720Z", "user": 2, "content_type": 24, "object_id": "7", "object_repr": "7, S1", "action_flag": 1, "change_message": "[{\"added\": {}}]"}}, {"model": "admin.logentry", "pk": 138, "fields": {"action_time": "2021-04-21T07:12:06.397Z", "user": 2, "content_type": 25, "object_id": "1", "object_repr": "1, <= Rp 500.000", "action_flag": 1, "change_message": "[{\"added\": {}}]"}}, {"model": "admin.logentry", "pk": 139, "fields": {"action_time": "2021-04-21T07:12:17.033Z", "user": 2, "content_type": 25, "object_id": "2", "object_repr": "2, Rp 500.000 - Rp 1.000.000", "action_flag": 1, "change_message": "[{\"added\": {}}]"}}, {"model": "admin.logentry", "pk": 140, "fields": {"action_time": "2021-04-21T07:12:26.316Z", "user": 2, "content_type": 25, "object_id": "3", "object_repr": "3, Rp 1.000.000 - Rp 2.000.000", "action_flag": 1, "change_message": "[{\"added\": {}}]"}}, {"model": "admin.logentry", "pk": 141, "fields": {"action_time": "2021-04-21T07:12:37.781Z", "user": 2, "content_type": 25, "object_id": "4", "object_repr": "4, Rp 2.000.000 - Rp 3.000.000", "action_flag": 1, "change_message": "[{\"added\": {}}]"}}, {"model": "admin.logentry", "pk": 142, "fields": {"action_time": "2021-04-21T07:12:47.765Z", "user": 2, "content_type": 25, "object_id": "5", "object_repr": "5, Rp 3.000.000 - Rp 5.000.000", "action_flag": 1, "change_message": "[{\"added\": {}}]"}}, {"model": "admin.logentry", "pk": 143, "fields": {"action_time": "2021-04-21T07:12:56.907Z", "user": 2, "content_type": 25, "object_id": "6", "object_repr": "6, > Rp 5.000.000", "action_flag": 1, "change_message": "[{\"added\": {}}]"}}, {"model": "admin.logentry", "pk": 144, "fields": {"action_time": "2021-04-25T07:09:51.544Z", "user": 2, "content_type": 26, "object_id": "1", "object_repr": "Moh. Maskur", "action_flag": 1, "change_message": "[{\"added\": {}}]"}}, {"model": "auth.permission", "pk": 1, "fields": {"name": "Can add log entry", "content_type": 1, "codename": "add_logentry"}}, {"model": "auth.permission", "pk": 2, "fields": {"name": "Can change log entry", "content_type": 1, "codename": "change_logentry"}}, {"model": "auth.permission", "pk": 3, "fields": {"name": "Can delete log entry", "content_type": 1, "codename": "delete_logentry"}}, {"model": "auth.permission", "pk": 4, "fields": {"name": "Can view log entry", "content_type": 1, "codename": "view_logentry"}}, {"model": "auth.permission", "pk": 5, "fields": {"name": "Can add permission", "content_type": 2, "codename": "add_permission"}}, {"model": "auth.permission", "pk": 6, "fields": {"name": "Can change permission", "content_type": 2, "codename": "change_permission"}}, {"model": "auth.permission", "pk": 7, "fields": {"name": "Can delete permission", "content_type": 2, "codename": "delete_permission"}}, {"model": "auth.permission", "pk": 8, "fields": {"name": "Can view permission", "content_type": 2, "codename": "view_permission"}}, {"model": "auth.permission", "pk": 9, "fields": {"name": "Can add group", "content_type": 3, "codename": "add_group"}}, {"model": "auth.permission", "pk": 10, "fields": {"name": "Can change group", "content_type": 3, "codename": "change_group"}}, {"model": "auth.permission", "pk": 11, "fields": {"name": "Can delete group", "content_type": 3, "codename": "delete_group"}}, {"model": "auth.permission", "pk": 12, "fields": {"name": "Can view group", "content_type": 3, "codename": "view_group"}}, {"model": "auth.permission", "pk": 13, "fields": {"name": "Can add user", "content_type": 4, "codename": "add_user"}}, {"model": "auth.permission", "pk": 14, "fields": {"name": "Can change user", "content_type": 4, "codename": "change_user"}}, {"model": "auth.permission", "pk": 15, "fields": {"name": "Can delete user", "content_type": 4, "codename": "delete_user"}}, {"model": "auth.permission", "pk": 16, "fields": {"name": "Can view user", "content_type": 4, "codename": "view_user"}}, {"model": "auth.permission", "pk": 17, "fields": {"name": "Can add content type", "content_type": 5, "codename": "add_contenttype"}}, {"model": "auth.permission", "pk": 18, "fields": {"name": "Can change content type", "content_type": 5, "codename": "change_contenttype"}}, {"model": "auth.permission", "pk": 19, "fields": {"name": "Can delete content type", "content_type": 5, "codename": "delete_contenttype"}}, {"model": "auth.permission", "pk": 20, "fields": {"name": "Can view content type", "content_type": 5, "codename": "view_contenttype"}}, {"model": "auth.permission", "pk": 21, "fields": {"name": "Can add session", "content_type": 6, "codename": "add_session"}}, {"model": "auth.permission", "pk": 22, "fields": {"name": "Can change session", "content_type": 6, "codename": "change_session"}}, {"model": "auth.permission", "pk": 23, "fields": {"name": "Can delete session", "content_type": 6, "codename": "delete_session"}}, {"model": "auth.permission", "pk": 24, "fields": {"name": "Can view session", "content_type": 6, "codename": "view_session"}}, {"model": "auth.permission", "pk": 25, "fields": {"name": "Can add wilayah", "content_type": 7, "codename": "add_wilayah"}}, {"model": "auth.permission", "pk": 26, "fields": {"name": "Can change wilayah", "content_type": 7, "codename": "change_wilayah"}}, {"model": "auth.permission", "pk": 27, "fields": {"name": "Can delete wilayah", "content_type": 7, "codename": "delete_wilayah"}}, {"model": "auth.permission", "pk": 28, "fields": {"name": "Can view wilayah", "content_type": 7, "codename": "view_wilayah"}}, {"model": "auth.permission", "pk": 29, "fields": {"name": "Can add jeniskelamin", "content_type": 8, "codename": "add_jeniskelamin"}}, {"model": "auth.permission", "pk": 30, "fields": {"name": "Can change jeniskelamin", "content_type": 8, "codename": "change_jeniskelamin"}}, {"model": "auth.permission", "pk": 31, "fields": {"name": "Can delete jeniskelamin", "content_type": 8, "codename": "delete_jeniskelamin"}}, {"model": "auth.permission", "pk": 32, "fields": {"name": "Can view jeniskelamin", "content_type": 8, "codename": "view_jeniskelamin"}}, {"model": "auth.permission", "pk": 33, "fields": {"name": "Can add lembaga", "content_type": 9, "codename": "add_lembaga"}}, {"model": "auth.permission", "pk": 34, "fields": {"name": "Can change lembaga", "content_type": 9, "codename": "change_lembaga"}}, {"model": "auth.permission", "pk": 35, "fields": {"name": "Can delete lembaga", "content_type": 9, "codename": "delete_lembaga"}}, {"model": "auth.permission", "pk": 36, "fields": {"name": "Can view lembaga", "content_type": 9, "codename": "view_lembaga"}}, {"model": "auth.permission", "pk": 37, "fields": {"name": "Can add tahunpelajaran", "content_type": 10, "codename": "add_tahunpelajaran"}}, {"model": "auth.permission", "pk": 38, "fields": {"name": "Can change tahunpelajaran", "content_type": 10, "codename": "change_tahunpelajaran"}}, {"model": "auth.permission", "pk": 39, "fields": {"name": "Can delete tahunpelajaran", "content_type": 10, "codename": "delete_tahunpelajaran"}}, {"model": "auth.permission", "pk": 40, "fields": {"name": "Can view tahunpelajaran", "content_type": 10, "codename": "view_tahunpelajaran"}}, {"model": "auth.permission", "pk": 41, "fields": {"name": "Can add santri", "content_type": 11, "codename": "add_santri"}}, {"model": "auth.permission", "pk": 42, "fields": {"name": "Can change santri", "content_type": 11, "codename": "change_santri"}}, {"model": "auth.permission", "pk": 43, "fields": {"name": "Can delete santri", "content_type": 11, "codename": "delete_santri"}}, {"model": "auth.permission", "pk": 44, "fields": {"name": "Can view santri", "content_type": 11, "codename": "view_santri"}}, {"model": "auth.permission", "pk": 45, "fields": {"name": "Can add diniyah", "content_type": 12, "codename": "add_diniyah"}}, {"model": "auth.permission", "pk": 46, "fields": {"name": "Can change diniyah", "content_type": 12, "codename": "change_diniyah"}}, {"model": "auth.permission", "pk": 47, "fields": {"name": "Can delete diniyah", "content_type": 12, "codename": "delete_diniyah"}}, {"model": "auth.permission", "pk": 48, "fields": {"name": "Can view diniyah", "content_type": 12, "codename": "view_diniyah"}}, {"model": "auth.permission", "pk": 49, "fields": {"name": "Can add catatan", "content_type": 13, "codename": "add_catatan"}}, {"model": "auth.permission", "pk": 50, "fields": {"name": "Can change catatan", "content_type": 13, "codename": "change_catatan"}}, {"model": "auth.permission", "pk": 51, "fields": {"name": "Can delete catatan", "content_type": 13, "codename": "delete_catatan"}}, {"model": "auth.permission", "pk": 52, "fields": {"name": "Can view catatan", "content_type": 13, "codename": "view_catatan"}}, {"model": "auth.permission", "pk": 53, "fields": {"name": "Can add santri", "content_type": 14, "codename": "add_santri"}}, {"model": "auth.permission", "pk": 54, "fields": {"name": "Can change santri", "content_type": 14, "codename": "change_santri"}}, {"model": "auth.permission", "pk": 55, "fields": {"name": "Can delete santri", "content_type": 14, "codename": "delete_santri"}}, {"model": "auth.permission", "pk": 56, "fields": {"name": "Can view santri", "content_type": 14, "codename": "view_santri"}}, {"model": "auth.permission", "pk": 57, "fields": {"name": "Can add catatan", "content_type": 15, "codename": "add_catatan"}}, {"model": "auth.permission", "pk": 58, "fields": {"name": "Can change catatan", "content_type": 15, "codename": "change_catatan"}}, {"model": "auth.permission", "pk": 59, "fields": {"name": "Can delete catatan", "content_type": 15, "codename": "delete_catatan"}}, {"model": "auth.permission", "pk": 60, "fields": {"name": "Can view catatan", "content_type": 15, "codename": "view_catatan"}}, {"model": "auth.permission", "pk": 61, "fields": {"name": "Can add hobi", "content_type": 16, "codename": "add_hobi"}}, {"model": "auth.permission", "pk": 62, "fields": {"name": "Can change hobi", "content_type": 16, "codename": "change_hobi"}}, {"model": "auth.permission", "pk": 63, "fields": {"name": "Can delete hobi", "content_type": 16, "codename": "delete_hobi"}}, {"model": "auth.permission", "pk": 64, "fields": {"name": "Can view hobi", "content_type": 16, "codename": "view_hobi"}}, {"model": "auth.permission", "pk": 65, "fields": {"name": "Can add agama", "content_type": 17, "codename": "add_agama"}}, {"model": "auth.permission", "pk": 66, "fields": {"name": "Can change agama", "content_type": 17, "codename": "change_agama"}}, {"model": "auth.permission", "pk": 67, "fields": {"name": "Can delete agama", "content_type": 17, "codename": "delete_agama"}}, {"model": "auth.permission", "pk": 68, "fields": {"name": "Can view agama", "content_type": 17, "codename": "view_agama"}}, {"model": "auth.permission", "pk": 69, "fields": {"name": "Can add citacita", "content_type": 18, "codename": "add_citacita"}}, {"model": "auth.permission", "pk": 70, "fields": {"name": "Can change citacita", "content_type": 18, "codename": "change_citacita"}}, {"model": "auth.permission", "pk": 71, "fields": {"name": "Can delete citacita", "content_type": 18, "codename": "delete_citacita"}}, {"model": "auth.permission", "pk": 72, "fields": {"name": "Can view citacita", "content_type": 18, "codename": "view_citacita"}}, {"model": "auth.permission", "pk": 73, "fields": {"name": "Can add statusasalsantri", "content_type": 19, "codename": "add_statusasalsantri"}}, {"model": "auth.permission", "pk": 74, "fields": {"name": "Can change statusasalsantri", "content_type": 19, "codename": "change_statusasalsantri"}}, {"model": "auth.permission", "pk": 75, "fields": {"name": "Can delete statusasalsantri", "content_type": 19, "codename": "delete_statusasalsantri"}}, {"model": "auth.permission", "pk": 76, "fields": {"name": "Can view statusasalsantri", "content_type": 19, "codename": "view_statusasalsantri"}}, {"model": "auth.permission", "pk": 77, "fields": {"name": "Can add statushidupayah", "content_type": 20, "codename": "add_statushidupayah"}}, {"model": "auth.permission", "pk": 78, "fields": {"name": "Can change statushidupayah", "content_type": 20, "codename": "change_statushidupayah"}}, {"model": "auth.permission", "pk": 79, "fields": {"name": "Can delete statushidupayah", "content_type": 20, "codename": "delete_statushidupayah"}}, {"model": "auth.permission", "pk": 80, "fields": {"name": "Can view statushidupayah", "content_type": 20, "codename": "view_statushidupayah"}}, {"model": "auth.permission", "pk": 81, "fields": {"name": "Can add statushidupibu", "content_type": 21, "codename": "add_statushidupibu"}}, {"model": "auth.permission", "pk": 82, "fields": {"name": "Can change statushidupibu", "content_type": 21, "codename": "change_statushidupibu"}}, {"model": "auth.permission", "pk": 83, "fields": {"name": "Can delete statushidupibu", "content_type": 21, "codename": "delete_statushidupibu"}}, {"model": "auth.permission", "pk": 84, "fields": {"name": "Can view statushidupibu", "content_type": 21, "codename": "view_statushidupibu"}}, {"model": "auth.permission", "pk": 85, "fields": {"name": "Can add pendidikanayah", "content_type": 22, "codename": "add_pendidikanayah"}}, {"model": "auth.permission", "pk": 86, "fields": {"name": "Can change pendidikanayah", "content_type": 22, "codename": "change_pendidikanayah"}}, {"model": "auth.permission", "pk": 87, "fields": {"name": "Can delete pendidikanayah", "content_type": 22, "codename": "delete_pendidikanayah"}}, {"model": "auth.permission", "pk": 88, "fields": {"name": "Can view pendidikanayah", "content_type": 22, "codename": "view_pendidikanayah"}}, {"model": "auth.permission", "pk": 89, "fields": {"name": "Can add pendidikanibu", "content_type": 23, "codename": "add_pendidikanibu"}}, {"model": "auth.permission", "pk": 90, "fields": {"name": "Can change pendidikanibu", "content_type": 23, "codename": "change_pendidikanibu"}}, {"model": "auth.permission", "pk": 91, "fields": {"name": "Can delete pendidikanibu", "content_type": 23, "codename": "delete_pendidikanibu"}}, {"model": "auth.permission", "pk": 92, "fields": {"name": "Can view pendidikanibu", "content_type": 23, "codename": "view_pendidikanibu"}}, {"model": "auth.permission", "pk": 93, "fields": {"name": "Can add pendidikanwali", "content_type": 24, "codename": "add_pendidikanwali"}}, {"model": "auth.permission", "pk": 94, "fields": {"name": "Can change pendidikanwali", "content_type": 24, "codename": "change_pendidikanwali"}}, {"model": "auth.permission", "pk": 95, "fields": {"name": "Can delete pendidikanwali", "content_type": 24, "codename": "delete_pendidikanwali"}}, {"model": "auth.permission", "pk": 96, "fields": {"name": "Can view pendidikanwali", "content_type": 24, "codename": "view_pendidikanwali"}}, {"model": "auth.permission", "pk": 97, "fields": {"name": "Can add penghasilan", "content_type": 25, "codename": "add_penghasilan"}}, {"model": "auth.permission", "pk": 98, "fields": {"name": "Can change penghasilan", "content_type": 25, "codename": "change_penghasilan"}}, {"model": "auth.permission", "pk": 99, "fields": {"name": "Can delete penghasilan", "content_type": 25, "codename": "delete_penghasilan"}}, {"model": "auth.permission", "pk": 100, "fields": {"name": "Can view penghasilan", "content_type": 25, "codename": "view_penghasilan"}}, {"model": "auth.permission", "pk": 101, "fields": {"name": "Can add santri", "content_type": 26, "codename": "add_santri"}}, {"model": "auth.permission", "pk": 102, "fields": {"name": "Can change santri", "content_type": 26, "codename": "change_santri"}}, {"model": "auth.permission", "pk": 103, "fields": {"name": "Can delete santri", "content_type": 26, "codename": "delete_santri"}}, {"model": "auth.permission", "pk": 104, "fields": {"name": "Can view santri", "content_type": 26, "codename": "view_santri"}}, {"model": "auth.permission", "pk": 105, "fields": {"name": "Can add catatan", "content_type": 27, "codename": "add_catatan"}}, {"model": "auth.permission", "pk": 106, "fields": {"name": "Can change catatan", "content_type": 27, "codename": "change_catatan"}}, {"model": "auth.permission", "pk": 107, "fields": {"name": "Can delete catatan", "content_type": 27, "codename": "delete_catatan"}}, {"model": "auth.permission", "pk": 108, "fields": {"name": "Can view catatan", "content_type": 27, "codename": "view_catatan"}}, {"model": "auth.group", "pk": 1, "fields": {"name": "admin", "permissions": []}}, {"model": "auth.group", "pk": 2, "fields": {"name": "lembaga", "permissions": []}}, {"model": "auth.group", "pk": 3, "fields": {"name": "wilayah", "permissions": []}}, {"model": "auth.group", "pk": 4, "fields": {"name": "diniyah", "permissions": []}}, {"model": "auth.user", "pk": 2, "fields": {"password": "pbkdf2_sha256$260000$Hq53Py2G77oA1yzpSnUvf9$/vTF6wyHZdByscdBdarjqQhv+giqphMBc1NGQu3y/5s=", "last_login": "2021-04-24T02:41:13.014Z", "is_superuser": true, "username": "qadim", "first_name": "", "last_name": "", "email": "qadim@gmail.com", "is_staff": true, "is_active": true, "date_joined": "2021-01-21T01:54:19Z", "groups": [1], "user_permissions": []}}, {"model": "auth.user", "pk": 15, "fields": {"password": "pbkdf2_sha256$216000$P3eVq2dehiwe$4aDFlnpc+6ORMGXCX9wv0o63ygJ8mIjUYwwWT7ueWe0=", "last_login": "2021-04-10T03:09:13.878Z", "is_superuser": false, "username": "paudnq", "first_name": "", "last_name": "", "email": "paud@gmail.com", "is_staff": false, "is_active": true, "date_joined": "2021-03-24T02:18:39.372Z", "groups": [2], "user_permissions": []}}, {"model": "auth.user", "pk": 16, "fields": {"password": "pbkdf2_sha256$216000$oLewlamqa6eY$KN6UgS56Q8GkGq14W5FZcqdd+6lqyseIjSEpw+NWsT8=", "last_login": "2021-04-04T00:56:02.512Z", "is_superuser": false, "username": "tknurulhasan", "first_name": "", "last_name": "", "email": "tknurulhasan@gmail.com", "is_staff": false, "is_active": true, "date_joined": "2021-03-24T02:22:52.081Z", "groups": [2], "user_permissions": []}}, {"model": "auth.user", "pk": 17, "fields": {"password": "pbkdf2_sha256$216000$LMH49FpggtAj$1l+AdxueTVteGKPK5hSN8dNG7826CL8oYG1VAcqxu9I=", "last_login": "2021-04-21T12:38:55.891Z", "is_superuser": false, "username": "minurulqadim", "first_name": "", "last_name": "", "email": "minurulqadim@gmail.com", "is_staff": false, "is_active": true, "date_joined": "2021-03-24T02:26:03.113Z", "groups": [2], "user_permissions": []}}, {"model": "auth.user", "pk": 18, "fields": {"password": "pbkdf2_sha256$260000$v8nTWWmZ8akfkKMK18eVZy$YCpH3pJur6RL3v5kMIrJQKsjgB8QuO31SzfD6lnHQk4=", "last_login": "2021-04-24T00:21:41.597Z", "is_superuser": false, "username": "mtsnq", "first_name": "", "last_name": "", "email": "mtsnurulqadim@gmail.com", "is_staff": false, "is_active": true, "date_joined": "2021-03-24T02:30:35.501Z", "groups": [2], "user_permissions": []}}, {"model": "auth.user", "pk": 19, "fields": {"password": "pbkdf2_sha256$216000$3oWa0GwaWdxJ$3nuc9+GaPULNccw0OKLA/jfiSr253RBWpQ83yaVBdsk=", "last_login": "2021-04-04T05:06:16.444Z", "is_superuser": false, "username": "manq", "first_name": "", "last_name": "", "email": "manurulqadim@gmail.com", "is_staff": false, "is_active": true, "date_joined": "2021-03-24T02:33:45.466Z", "groups": [2], "user_permissions": []}}, {"model": "auth.user", "pk": 20, "fields": {"password": "pbkdf2_sha256$260000$JFjJj80EEqtKl7XmDWbuIT$8umtNoZcL+AVrTEfb0kAF86AZE49qR4hEOHvA5/m9n4=", "last_login": "2021-04-24T01:15:40.373Z", "is_superuser": false, "username": "madrasahnq", "first_name": "", "last_name": "", "email": "madrasahinq@gmail.com", "is_staff": false, "is_active": true, "date_joined": "2021-03-24T02:42:10.817Z", "groups": [4], "user_permissions": []}}, {"model": "auth.user", "pk": 21, "fields": {"password": "pbkdf2_sha256$216000$ENQ9zVJOpsOq$d0o98OI/02YA+F70MefX0E/e5L5t2XKgNvGoO6Nzgww=", "last_login": "2021-04-04T01:54:35.187Z", "is_superuser": false, "username": "tpqannuriyah", "first_name": "", "last_name": "", "email": "tpqannuriyah@gmail.com", "is_staff": false, "is_active": true, "date_joined": "2021-03-24T02:55:09.441Z", "groups": [4], "user_permissions": []}}, {"model": "auth.user", "pk": 22, "fields": {"password": "pbkdf2_sha256$216000$A4uZBIz93oOS$GCHnN0nFlwzJHxm7MVkywgtKlSePwcHTD6E71QEr3QM=", "last_login": "2021-04-04T01:12:57.440Z", "is_superuser": false, "username": "pdfnqwustha", "first_name": "", "last_name": "", "email": "pdfnqwustha@gmail.com", "is_staff": false, "is_active": true, "date_joined": "2021-03-24T02:56:54.801Z", "groups": [4], "user_permissions": []}}, {"model": "auth.user", "pk": 23, "fields": {"password": "pbkdf2_sha256$216000$F7VyjFJ4ICkD$wG1pNFQ2UPvTzJCHX5a+Np0JpIQiuKjXaLUm+5R/1UQ=", "last_login": "2021-03-27T23:42:08.494Z", "is_superuser": false, "username": "pdfnqula", "first_name": "", "last_name": "", "email": "pdfnqula@gmail.com", "is_staff": false, "is_active": true, "date_joined": "2021-03-24T02:59:00.643Z", "groups": [4], "user_permissions": []}}, {"model": "auth.user", "pk": 24, "fields": {"password": "pbkdf2_sha256$216000$lCRqfjoeg4Fk$VBK/Z/RFsLsISeSarq2BANxZdM4tdurmbsV0J+S5Xeg=", "last_login": "2021-04-06T05:37:38.034Z", "is_superuser": false, "username": "mahadaly", "first_name": "", "last_name": "", "email": "mahadaly@gmail.com", "is_staff": false, "is_active": true, "date_joined": "2021-03-24T03:01:30.073Z", "groups": [4], "user_permissions": []}}, {"model": "auth.user", "pk": 25, "fields": {"password": "pbkdf2_sha256$216000$Lv3wa939Eam8$0FX0cxMqy2HFkC2kCG2HTqERC78onVgQ9QIGHLCBevY=", "last_login": null, "is_superuser": false, "username": "ali1212", "first_name": "", "last_name": "", "email": "ali@gmail.com", "is_staff": false, "is_active": true, "date_joined": "2021-03-27T15:38:50.017Z", "groups": [2], "user_permissions": []}}, {"model": "auth.user", "pk": 26, "fields": {"password": "pbkdf2_sha256$216000$pxp1TNbYEj0s$Q3l/7UZr+zjQ2poSUH4xq3qmu3mfz3em9C6JQOz0i5o=", "last_login": null, "is_superuser": false, "username": "alan8989", "first_name": "", "last_name": "", "email": "alan@gmail.com", "is_staff": false, "is_active": true, "date_joined": "2021-03-27T15:40:43.386Z", "groups": [2], "user_permissions": []}}, {"model": "auth.user", "pk": 27, "fields": {"password": "pbkdf2_sha256$216000$2rSylLdy0kyA$EVScgcBuvDJgZSYS6dlcBjWHww0vT2XBGmlyJ5M+yK8=", "last_login": null, "is_superuser": false, "username": "ayus1212", "first_name": "", "last_name": "", "email": "hanivianovanda@yahoo.co.id", "is_staff": false, "is_active": true, "date_joined": "2021-03-27T16:22:22.435Z", "groups": [3], "user_permissions": []}}, {"model": "auth.user", "pk": 28, "fields": {"password": "pbkdf2_sha256$216000$CB7ksbR5TUgv$RNjbCYsyd1UoWSnlloMHYQE64wVBDkhvhHJhg/ubrW4=", "last_login": "2021-04-10T02:28:32.072Z", "is_superuser": false, "username": "pondokputra", "first_name": "", "last_name": "", "email": "pondokputra@gmail.com", "is_staff": false, "is_active": true, "date_joined": "2021-03-27T16:28:15.999Z", "groups": [3], "user_permissions": []}}, {"model": "auth.user", "pk": 29, "fields": {"password": "pbkdf2_sha256$216000$fMFtdQaZ2pvZ$623oT90huFKDvGBmLfTqQhNY/km3T2iZvrAVdPCZBSY=", "last_login": "2021-04-04T05:09:38.981Z", "is_superuser": false, "username": "banat1", "first_name": "", "last_name": "", "email": "banat1@gmail.com", "is_staff": false, "is_active": true, "date_joined": "2021-03-27T16:31:08Z", "groups": [3], "user_permissions": []}}, {"model": "auth.user", "pk": 30, "fields": {"password": "pbkdf2_sha256$216000$3iUXehs5a7py$v1xvym244ySmnGujRc81AdoU/5avDgFW1ISsHBxJFFo=", "last_login": null, "is_superuser": false, "username": "kilo", "first_name": "", "last_name": "", "email": "nda@yahoo.co.id", "is_staff": false, "is_active": true, "date_joined": "2021-03-27T16:32:30.651Z", "groups": [2], "user_permissions": []}}, {"model": "auth.user", "pk": 31, "fields": {"password": "pbkdf2_sha256$260000$b8T9AlckU2tV7joeTySXYf$TDcuSAlWe5CqtpVbZktw2DZRQMeWKwKyKAuJ8//PYCw=", "last_login": "2021-04-24T01:21:25.747Z", "is_superuser": false, "username": "banat2", "first_name": "", "last_name": "", "email": "banat2@gmail.com", "is_staff": false, "is_active": true, "date_joined": "2021-03-27T16:35:56.383Z", "groups": [3], "user_permissions": []}}, {"model": "auth.user", "pk": 32, "fields": {"password": "pbkdf2_sha256$216000$BpntdIJMOYaJ$tASfJ5qy0fRY/QTkdIhF25z/osyU5S1WRbum94rEMnI=", "last_login": "2021-03-27T21:52:19.224Z", "is_superuser": false, "username": "pondokanakanak", "first_name": "", "last_name": "", "email": "pondokanaka@gmail.com", "is_staff": false, "is_active": true, "date_joined": "2021-03-27T16:39:36Z", "groups": [3], "user_permissions": []}}, {"model": "auth.user", "pk": 33, "fields": {"password": "pbkdf2_sha256$216000$yLyJQBPYIon9$pzqrRlODTLHz5iHrqY/2oA6qi5YKjrpV/bBuN82OMus=", "last_login": null, "is_superuser": false, "username": "khadim", "first_name": "", "last_name": "", "email": "khadim@gmail.com", "is_staff": false, "is_active": true, "date_joined": "2021-03-27T16:41:01Z", "groups": [3], "user_permissions": []}}, {"model": "contenttypes.contenttype", "pk": 1, "fields": {"app_label": "admin", "model": "logentry"}}, {"model": "contenttypes.contenttype", "pk": 2, "fields": {"app_label": "auth", "model": "permission"}}, {"model": "contenttypes.contenttype", "pk": 3, "fields": {"app_label": "auth", "model": "group"}}, {"model": "contenttypes.contenttype", "pk": 4, "fields": {"app_label": "auth", "model": "user"}}, {"model": "contenttypes.contenttype", "pk": 5, "fields": {"app_label": "contenttypes", "model": "contenttype"}}, {"model": "contenttypes.contenttype", "pk": 6, "fields": {"app_label": "sessions", "model": "session"}}, {"model": "contenttypes.contenttype", "pk": 7, "fields": {"app_label": "data", "model": "wilayah"}}, {"model": "contenttypes.contenttype", "pk": 8, "fields": {"app_label": "data", "model": "jeniskelamin"}}, {"model": "contenttypes.contenttype", "pk": 9, "fields": {"app_label": "data", "model": "lembaga"}}, {"model": "contenttypes.contenttype", "pk": 10, "fields": {"app_label": "data", "model": "tahunpelajaran"}}, {"model": "contenttypes.contenttype", "pk": 11, "fields": {"app_label": "santri", "model": "santri"}}, {"model": "contenttypes.contenttype", "pk": 12, "fields": {"app_label": "data", "model": "diniyah"}}, {"model": "contenttypes.contenttype", "pk": 13, "fields": {"app_label": "santri", "model": "catatan"}}, {"model": "contenttypes.contenttype", "pk": 14, "fields": {"app_label": "datasantri", "model": "santri"}}, {"model": "contenttypes.contenttype", "pk": 15, "fields": {"app_label": "datasantri", "model": "catatan"}}, {"model": "contenttypes.contenttype", "pk": 16, "fields": {"app_label": "data", "model": "hobi"}}, {"model": "contenttypes.contenttype", "pk": 17, "fields": {"app_label": "data", "model": "agama"}}, {"model": "contenttypes.contenttype", "pk": 18, "fields": {"app_label": "data", "model": "citacita"}}, {"model": "contenttypes.contenttype", "pk": 19, "fields": {"app_label": "data", "model": "statusasalsantri"}}, {"model": "contenttypes.contenttype", "pk": 20, "fields": {"app_label": "data", "model": "statushidupayah"}}, {"model": "contenttypes.contenttype", "pk": 21, "fields": {"app_label": "data", "model": "statushidupibu"}}, {"model": "contenttypes.contenttype", "pk": 22, "fields": {"app_label": "data", "model": "pendidikanayah"}}, {"model": "contenttypes.contenttype", "pk": 23, "fields": {"app_label": "data", "model": "pendidikanibu"}}, {"model": "contenttypes.contenttype", "pk": 24, "fields": {"app_label": "data", "model": "pendidikanwali"}}, {"model": "contenttypes.contenttype", "pk": 25, "fields": {"app_label": "data", "model": "penghasilan"}}, {"model": "contenttypes.contenttype", "pk": 26, "fields": {"app_label": "appsantri", "model": "santri"}}, {"model": "contenttypes.contenttype", "pk": 27, "fields": {"app_label": "appsantri", "model": "catatan"}}, {"model": "sessions.session", "pk": "1obbneej32zwus5lun4udnawrd0vqir9", "fields": {"session_data": ".eJxVjMsOwiAQRf-FtSHycCgu3fcbyAwMUjWQlHZl_HfbpAvd3nPOfYuA61LC2nkOUxJXocXpdyOMT647SA-s9yZjq8s8kdwVedAux5b4dTvcv4OCvWy1AmLK2moLFySfyOmUzQAe2RkGiGfEqCIoUJEZLOPGrUbjvFeYB_H5AvxrOJE:1lNTbz:BzlwuC5R1aZlxPsKGegI2mgf4T0n3r0A1ktPtxONgtw", "expire_date": "2021-04-03T04:53:19.836Z"}}, {"model": "sessions.session", "pk": "3qsc8muts9xo9i2yf82f7lgwgfsq5fae", "fields": {"session_data": ".eJxVjMsOwiAQRf-FtSHycCgu3fcbyAwMUjWQlHZl_HfbpAvd3nPOfYuA61LC2nkOUxJXocXpdyOMT647SA-s9yZjq8s8kdwVedAux5b4dTvcv4OCvWy1AmLK2moLFySfyOmUzQAe2RkGiGfEqCIoUJEZLOPGrUbjvFeYB_H5AvxrOJE:1lROXG:27apqwt7cbtFH59IudUf5iuIj5eJaHL4dPCg0iy62LU", "expire_date": "2021-04-14T00:16:38.259Z"}}, {"model": "sessions.session", "pk": "41s97mupbfnul7ajlwabquow3t0eamik", "fields": {"session_data": ".eJxVjMsOwiAQRf-FtSHycCgu3fcbyAwMUjWQlHZl_HfbpAvd3nPOfYuA61LC2nkOUxJXocXpdyOMT647SA-s9yZjq8s8kdwVedAux5b4dTvcv4OCvWy1AmLK2moLFySfyOmUzQAe2RkGiGfEqCIoUJEZLOPGrUbjvFeYB_H5AvxrOJE:1lOxJy:8iE0bl6VkE-DRQ3pFKbeplOBDhilhd4ff_teNCKqjBY", "expire_date": "2021-04-07T06:48:50.147Z"}}, {"model": "sessions.session", "pk": "9c19c2428w8q47vcqi5n5bgr8lr8h4r6", "fields": {"session_data": ".eJxVjMsOwiAQRf-FtSHycCgu3fcbyAwMUjWQlHZl_HfbpAvd3nPOfYuA61LC2nkOUxJXocXpdyOMT647SA-s9yZjq8s8kdwVedAux5b4dTvcv4OCvWy1AmLK2moLFySfyOmUzQAe2RkGiGfEqCIoUJEZLOPGrUbjvFeYB_H5AvxrOJE:1lNnpf:57ZBbTiCMINhHYmmL-8zKDPivpCX4XTOQU3xGBAV4bY", "expire_date": "2021-04-04T02:28:47.376Z"}}, {"model": "sessions.session", "pk": "9hma6ktuo8kll1a6uv797gtwer9o5o9h", "fields": {"session_data": ".eJxVjMsOwiAQRf-FtSHycCgu3fcbyAwMUjWQlHZl_HfbpAvd3nPOfYuA61LC2nkOUxJXocXpdyOMT647SA-s9yZjq8s8kdwVedAux5b4dTvcv4OCvWy1AmLK2moLFySfyOmUzQAe2RkGiGfEqCIoUJEZLOPGrUbjvFeYB_H5AvxrOJE:1lKFKF:Y3M4y6qZbi8mFfGDn2qVHAJl8uf419XYVpmLCleCjOo", "expire_date": "2021-03-25T07:01:39.193Z"}}, {"model": "sessions.session", "pk": "a0682jqms4mb65aiyp5kvjr0icx4pqxc", "fields": {"session_data": ".eJxVjDsOwyAQBe9CHSEv5psyvc-AYFmCkwgkY1dR7h5bcpG0M_Pem_mwrcVvnRY_J3Zlgl1-WQz4pHqI9Aj13ji2ui5z5EfCT9v51BK9bmf7d1BCL_saNQhlKI46JYlEpAYAC3bMwqmIaA1kyo4GkNpYgChNiEBph9bZbNjnC-pWOEk:1lV0sE:oyjEp5N8AJOQlnASuJq7Me2fagkvIzaV4hRN15fp-VA", "expire_date": "2021-04-23T23:49:14.048Z"}}, {"model": "sessions.session", "pk": "a91xd4wzhz4wlam1csz1741kermsrbok", "fields": {"session_data": "MjdjNTk1Yjk2YjU5ZjRmYTYzZjc3YzQyNzk4ZjVlYmUyZGQwN2ZjNDp7Il9hdXRoX3VzZXJfaWQiOiIyIiwiX2F1dGhfdXNlcl9iYWNrZW5kIjoiZGphbmdvLmNvbnRyaWIuYXV0aC5iYWNrZW5kcy5Nb2RlbEJhY2tlbmQiLCJfYXV0aF91c2VyX2hhc2giOiIzNmFjZWY0ODQzODQ4NDMyMGRjNjgzZjU2MTBkNGNkM2IwNDI5N2FlIn0=", "expire_date": "2021-02-17T11:39:03.838Z"}}, {"model": "sessions.session", "pk": "b95gge6b5ijeex1iqddkpcfnpmyj1im4", "fields": {"session_data": ".eJxVjDkOwjAUBe_iGlle4sRQ0ucM1t9MAsiW4qRC3B0ipYD2zcx7qQTbOqWtyZJmVhfl1Ol3Q6CHlB3wHcqtaqplXWbUu6IP2vRYWZ7Xw_07mKBN35qEQagnF8kMgS32HRrqg48doolkzxwMMjvMgw0okD1LECecIXjv1fsDFNQ5PA:1lV0uf:5OpyTUnUOAT8fdJMJ_S04GcwWbhH6IgV_cGfthJakXM", "expire_date": "2021-04-23T23:51:45.253Z"}}, {"model": "sessions.session", "pk": "c9mzx53fhvm1c3u7yjrkl0x6h998qslj", "fields": {"session_data": ".eJxVjMsOwiAQRf-FtSHycCgu3fcbyAwMUjWQlHZl_HfbpAvd3nPOfYuA61LC2nkOUxJXocXpdyOMT647SA-s9yZjq8s8kdwVedAux5b4dTvcv4OCvWy1AmLK2moLFySfyOmUzQAe2RkGiGfEqCIoUJEZLOPGrUbjvFeYB_H5AvxrOJE:1lPo88:6WRfMAptdrGDJ1mFl0v8DTrGnD7rWevWcorTs_n9rfM", "expire_date": "2021-04-09T15:12:08.482Z"}}, {"model": "sessions.session", "pk": "dqvdpkfxnaq5gp7aa862dcockpua730d", "fields": {"session_data": ".eJxVjMsOwiAQRf-FtSHycCgu3fcbyAwMUjWQlHZl_HfbpAvd3nPOfYuA61LC2nkOUxJXocXpdyOMT647SA-s9yZjq8s8kdwVedAux5b4dTvcv4OCvWy1AmLK2moLFySfyOmUzQAe2RkGiGfEqCIoUJEZLOPGrUbjvFeYB_H5AvxrOJE:1lPFkd:OZiHwuWqMcJe-cOQf95_DaOnDhtjddVwtGoXGLxvZUA", "expire_date": "2021-04-08T02:29:35.079Z"}}, {"model": "sessions.session", "pk": "dunh02vqnwc5ny4zlxzq6gr35d6hhi7a", "fields": {"session_data": ".eJxVjMsOwiAQRf-FtSHycCgu3fcbyAwMUjWQlHZl_HfbpAvd3nPOfYuA61LC2nkOUxJXocXpdyOMT647SA-s9yZjq8s8kdwVedAux5b4dTvcv4OCvWy1AmLK2moLFySfyOmUzQAe2RkGiGfEqCIoUJEZLOPGrUbjvFeYB_H5AvxrOJE:1lK8Vj:5pGnsbJ-6MP_zws33M_brxtHAykulTVwAiafCZnLc30", "expire_date": "2021-03-24T23:45:03.108Z"}}, {"model": "sessions.session", "pk": "fjbkb97q7qh5lultpbw7137kjx9zyukg", "fields": {"session_data": ".eJxVjEEOwiAQRe_C2hBoKQwu3XsGMgODVA0kpV0Z765NutDtf-_9lwi4rSVsnZcwJ3EWgxKn35EwPrjuJN2x3pqMra7LTHJX5EG7vLbEz8vh_h0U7OVbO2eVTZbYZcdMxkTSAAw4Ttqg1eA9QrJmGjNYTzx4b0iNgEp5DTmK9wf_qDeY:1lUAlX:HYqOUwLdjNQMR3tb38TYWiT94jITgeWD_vXJUY3D2nA", "expire_date": "2021-04-21T16:10:51.516Z"}}, {"model": "sessions.session", "pk": "g7m01jp8l9ldzvijh5fxm74f67qggbp0", "fields": {"session_data": "MjdjNTk1Yjk2YjU5ZjRmYTYzZjc3YzQyNzk4ZjVlYmUyZGQwN2ZjNDp7Il9hdXRoX3VzZXJfaWQiOiIyIiwiX2F1dGhfdXNlcl9iYWNrZW5kIjoiZGphbmdvLmNvbnRyaWIuYXV0aC5iYWNrZW5kcy5Nb2RlbEJhY2tlbmQiLCJfYXV0aF91c2VyX2hhc2giOiIzNmFjZWY0ODQzODQ4NDMyMGRjNjgzZjU2MTBkNGNkM2IwNDI5N2FlIn0=", "expire_date": "2021-02-04T02:48:29.401Z"}}, {"model": "sessions.session", "pk": "ghxgnn7xnov6a51nlfgy2mkeeakrjv97", "fields": {"session_data": ".eJxVjDsOwjAQBe_iGln22ok3lPQ5Q-TdtUkA2VI-FeLuJFIKaGfmvbca4raOw7akeZhEXRWoyy-jyM9UDiGPWO5Vcy3rPJE-En3aRfdV0ut2tn8HY1zGfR0ysjCEzrQxY8OAjozdmW0koXVNJm8AidsUO6EADsmDyQHFk2dQny_raTgF:1la8EL:aH4iDIwzV9-dOT-t_W7jeFZlyjYpgTuxat-29sVI4rU", "expire_date": "2021-05-08T02:41:13.358Z"}}, {"model": "sessions.session", "pk": "gu85259teye4us8f2kyw1pa6hvm7eo8x", "fields": {"session_data": "NjA5M2IzYWViYmQ0MTZjYzlkZmMxZWNjYTM5ZjExZjkxYjNjOWYyZTp7Il9hdXRoX3VzZXJfaWQiOiIxIiwiX2F1dGhfdXNlcl9iYWNrZW5kIjoiZGphbmdvLmNvbnRyaWIuYXV0aC5iYWNrZW5kcy5Nb2RlbEJhY2tlbmQiLCJfYXV0aF91c2VyX2hhc2giOiIyZTM1MjYxYTBlN2YyNmU4NTUzZmFhYjI3MTQ0YzEwYjBmMjdhMzYxIn0=", "expire_date": "2020-12-27T04:09:43.934Z"}}, {"model": "sessions.session", "pk": "h90ido2vy8cg1aarhsicand9rgaezjoj", "fields": {"session_data": ".eJxVjMsOwiAQRf-FtSHycCgu3fcbyAwMUjWQlHZl_HfbpAvd3nPOfYuA61LC2nkOUxJXocXpdyOMT647SA-s9yZjq8s8kdwVedAux5b4dTvcv4OCvWy1AmLK2moLFySfyOmUzQAe2RkGiGfEqCIoUJEZLOPGrUbjvFeYB_H5AvxrOJE:1lSWky:EA1Qf7A7h3c0A9YD_gw7z3sjzfNIZmZFZINKepdNYiY", "expire_date": "2021-04-17T03:15:28.519Z"}}, {"model": "sessions.session", "pk": "hasylu6kndu10q114z6qpamqv81zfoq8", "fields": {"session_data": "NjA5M2IzYWViYmQ0MTZjYzlkZmMxZWNjYTM5ZjExZjkxYjNjOWYyZTp7Il9hdXRoX3VzZXJfaWQiOiIxIiwiX2F1dGhfdXNlcl9iYWNrZW5kIjoiZGphbmdvLmNvbnRyaWIuYXV0aC5iYWNrZW5kcy5Nb2RlbEJhY2tlbmQiLCJfYXV0aF91c2VyX2hhc2giOiIyZTM1MjYxYTBlN2YyNmU4NTUzZmFhYjI3MTQ0YzEwYjBmMjdhMzYxIn0=", "expire_date": "2020-12-24T03:12:30.652Z"}}, {"model": "sessions.session", "pk": "imkc25twlhnr7u4eojsw42do0kz3zirw", "fields": {"session_data": "MjdjNTk1Yjk2YjU5ZjRmYTYzZjc3YzQyNzk4ZjVlYmUyZGQwN2ZjNDp7Il9hdXRoX3VzZXJfaWQiOiIyIiwiX2F1dGhfdXNlcl9iYWNrZW5kIjoiZGphbmdvLmNvbnRyaWIuYXV0aC5iYWNrZW5kcy5Nb2RlbEJhY2tlbmQiLCJfYXV0aF91c2VyX2hhc2giOiIzNmFjZWY0ODQzODQ4NDMyMGRjNjgzZjU2MTBkNGNkM2IwNDI5N2FlIn0=", "expire_date": "2021-02-07T03:28:38.952Z"}}, {"model": "sessions.session", "pk": "jstlb4nxum1e2kakvnxxknqeh2g4ymny", "fields": {"session_data": ".eJxVjDsOwyAQBe9CHSFY_GFTpvcZ0AJLcBKBZOwqyt1jSy6Sdt7MewtH25rd1nhxcxRXAeLyyzyFJ5djiA8q9ypDLesye3ko8lybnGrk1-10_w4ytbzXtjdIiqwxDCOFYS-DR9T9mLTXVmvAHSQ1gOoxDTEZhZ1iwzgCJ-jE5wvduTei:1lZDms:9lDr3EQIqZFNNdTRLqSVDF2aIP5qW7XSjKg8FRWlQDA", "expire_date": "2021-05-05T14:25:06.970Z"}}, {"model": "sessions.session", "pk": "jwl2h70kexxkueswcv8sp2n6ojli8ilp", "fields": {"session_data": "MjdjNTk1Yjk2YjU5ZjRmYTYzZjc3YzQyNzk4ZjVlYmUyZGQwN2ZjNDp7Il9hdXRoX3VzZXJfaWQiOiIyIiwiX2F1dGhfdXNlcl9iYWNrZW5kIjoiZGphbmdvLmNvbnRyaWIuYXV0aC5iYWNrZW5kcy5Nb2RlbEJhY2tlbmQiLCJfYXV0aF91c2VyX2hhc2giOiIzNmFjZWY0ODQzODQ4NDMyMGRjNjgzZjU2MTBkNGNkM2IwNDI5N2FlIn0=", "expire_date": "2021-02-24T04:45:40.801Z"}}, {"model": "sessions.session", "pk": "klorjhb62lmtaekoahpa1ub4hdrtifkb", "fields": {"session_data": ".eJxVjLEOwyAQQ_-FuUIXSCB07J5vQHcHlLQVkUIyVf33EilDO1iy_Gy_hcd9y36vcfVzEFehQFx-Q0J-xnKQ8MByXyQvZVtnkkdFnrTKaQnxdTu7fwcZa27rUZvBEAEkhQQ2mSE6BSPq5giSY1SIurfAybZchy40db1NyrrALD5f-5A38Q:1lU8DC:Zdf9VGdfScydogk1UgxzNQNZ6OlCWRnv2ZZUpJnwhRc", "expire_date": "2021-04-21T13:27:14.703Z"}}, {"model": "sessions.session", "pk": "mir8v9dhjl0anmivdgzodn5ogowl2mf7", "fields": {"session_data": ".eJxVjMsOwiAQRf-FtSHycCgu3fcbyAwMUjWQlHZl_HfbpAvd3nPOfYuA61LC2nkOUxJXocXpdyOMT647SA-s9yZjq8s8kdwVedAux5b4dTvcv4OCvWy1AmLK2moLFySfyOmUzQAe2RkGiGfEqCIoUJEZLOPGrUbjvFeYB_H5AvxrOJE:1lJbx4:rWEQ-3iYfr4Oj0KUa4j-Q_PCjnmzhl2t7dNL9YvhH-U", "expire_date": "2021-03-23T12:59:06.841Z"}}, {"model": "sessions.session", "pk": "nn3sz3jn1dcwv3om3k0lygac43uojsfq", "fields": {"session_data": "MjdjNTk1Yjk2YjU5ZjRmYTYzZjc3YzQyNzk4ZjVlYmUyZGQwN2ZjNDp7Il9hdXRoX3VzZXJfaWQiOiIyIiwiX2F1dGhfdXNlcl9iYWNrZW5kIjoiZGphbmdvLmNvbnRyaWIuYXV0aC5iYWNrZW5kcy5Nb2RlbEJhY2tlbmQiLCJfYXV0aF91c2VyX2hhc2giOiIzNmFjZWY0ODQzODQ4NDMyMGRjNjgzZjU2MTBkNGNkM2IwNDI5N2FlIn0=", "expire_date": "2021-02-24T06:04:51.875Z"}}, {"model": "sessions.session", "pk": "nwjiwcazniw8hdxlrxaiah4m994qeocj", "fields": {"session_data": ".eJxVjMsOwiAQRf-FtSHycCgu3fcbyAwMUjWQlHZl_HfbpAvd3nPOfYuA61LC2nkOUxJXocXpdyOMT647SA-s9yZjq8s8kdwVedAux5b4dTvcv4OCvWy1AmLK2moLFySfyOmUzQAe2RkGiGfEqCIoUJEZLOPGrUbjvFeYB_H5AvxrOJE:1lR192:OokOl4zPE_3EhBtVARWOFUSz76O_f5C53iGHxwjT218", "expire_date": "2021-04-12T23:18:04.968Z"}}, {"model": "sessions.session", "pk": "ol5fadg5zkgbpm5xw0xzi2fz45y0n1m9", "fields": {"session_data": "NjA5M2IzYWViYmQ0MTZjYzlkZmMxZWNjYTM5ZjExZjkxYjNjOWYyZTp7Il9hdXRoX3VzZXJfaWQiOiIxIiwiX2F1dGhfdXNlcl9iYWNrZW5kIjoiZGphbmdvLmNvbnRyaWIuYXV0aC5iYWNrZW5kcy5Nb2RlbEJhY2tlbmQiLCJfYXV0aF91c2VyX2hhc2giOiIyZTM1MjYxYTBlN2YyNmU4NTUzZmFhYjI3MTQ0YzEwYjBmMjdhMzYxIn0=", "expire_date": "2020-12-28T04:36:27.462Z"}}, {"model": "sessions.session", "pk": "onmjpihycswnn00c24h35j3qdyv4ndsz", "fields": {"session_data": ".eJxVjDsOwyAQBe9CHSFY_GFTpvcZ0AJLcBKBZOwqyt1jSy6Sdt7MewtH25rd1nhxcxRXAeLyyzyFJ5djiA8q9ypDLesye3ko8lybnGrk1-10_w4ytbzXtjdIiqwxDCOFYS-DR9T9mLTXVmvAHSQ1gOoxDTEZhZ1iwzgCJ-jE5wvduTei:1lWszY:jtNtuLRk4L9FM6Xi-sLkDIpGYIMOSVqh7Y0Xhi7wCKE", "expire_date": "2021-04-29T03:48:32.068Z"}}, {"model": "sessions.session", "pk": "qbl9o7lx84ol3jb8l3pngpnkdi7h8hgb", "fields": {"session_data": ".eJxVjMsOwiAQRf-FtSHycCgu3fcbyAwMUjWQlHZl_HfbpAvd3nPOfYuA61LC2nkOUxJXocXpdyOMT647SA-s9yZjq8s8kdwVedAux5b4dTvcv4OCvWy1AmLK2moLFySfyOmUzQAe2RkGiGfEqCIoUJEZLOPGrUbjvFeYB_H5AvxrOJE:1lQH04:zqhs5iesrnv9XMDJsr9JqtDBbYj_XsfWIpJ_q09BR5A", "expire_date": "2021-04-10T22:01:44.390Z"}}, {"model": "sessions.session", "pk": "qitdz1nuhik16jsa16nb86ucokoz6l4x", "fields": {"session_data": ".eJxVjDEOwjAMRe-SGUWOTaPCyM4ZIsdxSAElUtNOiLtDpQ6w_vfef5nA61LC2nUOUzJng0dz-B0jy0PrRtKd661ZaXWZp2g3xe6022tL-rzs7t9B4V6-9Zj8IE6JNEKG7EgSeQQl70fMzACcIYGiE2XHTDpQdC4LAuAJsnl_ABVZOFY:1lR6Na:_1e4IajXfOfChEhR2klF33fzmBYMjF2HfKjAMhS-xL0", "expire_date": "2021-04-13T04:53:26.523Z"}}, {"model": "sessions.session", "pk": "solka93zkz4f3xfiq8cdd3514ma2qfx6", "fields": {"session_data": "MjdjNTk1Yjk2YjU5ZjRmYTYzZjc3YzQyNzk4ZjVlYmUyZGQwN2ZjNDp7Il9hdXRoX3VzZXJfaWQiOiIyIiwiX2F1dGhfdXNlcl9iYWNrZW5kIjoiZGphbmdvLmNvbnRyaWIuYXV0aC5iYWNrZW5kcy5Nb2RlbEJhY2tlbmQiLCJfYXV0aF91c2VyX2hhc2giOiIzNmFjZWY0ODQzODQ4NDMyMGRjNjgzZjU2MTBkNGNkM2IwNDI5N2FlIn0=", "expire_date": "2021-02-17T11:44:05.530Z"}}, {"model": "sessions.session", "pk": "svwitfaanbhksbssvlsixdxvsesygxax", "fields": {"session_data": ".eJxVjMsOwiAQRf-FtSHycCgu3fcbyAwMUjWQlHZl_HfbpAvd3nPOfYuA61LC2nkOUxJXocXpdyOMT647SA-s9yZjq8s8kdwVedAux5b4dTvcv4OCvWy1AmLK2moLFySfyOmUzQAe2RkGiGfEqCIoUJEZLOPGrUbjvFeYB_H5AvxrOJE:1lTeU3:aC0-QcrJ3lXGZGMmhd2IK0Z6Q_IcKuIJRKIx9BjJEnw", "expire_date": "2021-04-20T05:42:39.858Z"}}, {"model": "sessions.session", "pk": "uzn6azz1hv8w0kfbnlurwpijo8tesxqk", "fields": {"session_data": ".eJxVjMsOwiAQRf-FtSHIo4BL9_0GMgMzUjU0Ke3K-O_apAvd3nPOfYkE21rT1mlJUxEXocXpd0PID2o7KHdot1nmua3LhHJX5EG7HOdCz-vh_h1U6PVbIxelHGIAR4GML4YgDk5HEw0WxYFZWeXd2UeKXsNgIlp2rK22mXQW7w_wFDfj:1lUikh:lJQAPj5jr2dIOUBqLKnoVfeugKVL8T7116d0Xtdqw88", "expire_date": "2021-04-23T04:28:15.565Z"}}, {"model": "sessions.session", "pk": "vi9nw3b8eutpbhuavovaikz5ngbcirtk", "fields": {"session_data": ".eJxVjEsKwjAUAO-StYSY9qXRpfueIby8j61KCk27Eu8ugS50OzPM2yTctyntVdY0s7kaH83pF2akp5Rm-IHlvlhayrbO2bbEHrbacWF53Y72bzBhndq3Iw2-GwKzuF4kB4Tgkc9wIXUEvXBWgKyRiDx0qCKBnY9RYYh-MJ8vL445BA:1lQgs7:2sXvZFYZX6hmBW6SwPVdn8KJqSD1z_HhS1ijztThY3I", "expire_date": "2021-04-12T01:39:15.955Z"}}, {"model": "data.wilayah", "pk": 16, "fields": {"user": 28, "nama": "Pondok Putra", "keterangan": null}}, {"model": "data.wilayah", "pk": 17, "fields": {"user": 29, "nama": "Banat 1", "keterangan": null}}, {"model": "data.wilayah", "pk": 18, "fields": {"user": 31, "nama": "Banat 2", "keterangan": null}}, {"model": "data.wilayah", "pk": 19, "fields": {"user": 32, "nama": "Pondok Anak-Anak", "keterangan": null}}, {"model": "data.wilayah", "pk": 20, "fields": {"user": 33, "nama": "Khadim", "keterangan": null}}, {"model": "data.tahunpelajaran", "pk": 1, "fields": {"tahun_pelajaran": "2020-2021"}}, {"model": "data.tahunpelajaran", "pk": 2, "fields": {"tahun_pelajaran": "2019-2020"}}, {"model": "data.tahunpelajaran", "pk": 3, "fields": {"tahun_pelajaran": "2022-2023"}}, {"model": "data.lembaga", "pk": 6, "fields": {"user": 15, "nama": "PAUD Nurul Qadim"}}, {"model": "data.lembaga", "pk": 7, "fields": {"user": 16, "nama": "TK Nurul Hasan"}}, {"model": "data.lembaga", "pk": 8, "fields": {"user": 17, "nama": "MI Nurul Qadim"}}, {"model": "data.lembaga", "pk": 9, "fields": {"user": 18, "nama": "MTS Nurul Qadim"}}, {"model": "data.lembaga", "pk": 10, "fields": {"user": 19, "nama": "MA Nurul Qadim"}}, {"model": "data.jeniskelamin", "pk": 1, "fields": {"jenis": "Laki-laki"}}, {"model": "data.jeniskelamin", "pk": 2, "fields": {"jenis": "Perempuan"}}, {"model": "data.diniyah", "pk": 6, "fields": {"user": 20, "nama": "Madrasah Idadiyah Nurul Qadim"}}, {"model": "data.diniyah", "pk": 7, "fields": {"user": 21, "nama": "TPQ An-Nuriyah"}}, {"model": "data.diniyah", "pk": 8, "fields": {"user": 22, "nama": "PDF Wustha Nurul Qadim"}}, {"model": "data.diniyah", "pk": 9, "fields": {"user": 23, "nama": "PDF  Ulya Nurul Qadim"}}, {"model": "data.diniyah", "pk": 10, "fields": {"user": 24, "nama": "Mahad Aly Nurul Qadim"}}, {"model": "data.hobi", "pk": 1, "fields": {"hobi": "Olahraga"}}, {"model": "data.hobi", "pk": 2, "fields": {"hobi": "Kesenian"}}, {"model": "data.hobi", "pk": 3, "fields": {"hobi": "Membaca"}}, {"model": "data.hobi", "pk": 4, "fields": {"hobi": "Menulis"}}, {"model": "data.hobi", "pk": 5, "fields": {"hobi": "Travelling"}}, {"model": "data.hobi", "pk": 6, "fields": {"hobi": "Lainnya"}}, {"model": "data.agama", "pk": 1, "fields": {"agama": "Islam"}}, {"model": "data.citacita", "pk": 1, "fields": {"cita": "PNS"}}, {"model": "data.citacita", "pk": 2, "fields": {"cita": "TNI/Polri"}}, {"model": "data.citacita", "pk": 3, "fields": {"cita": "Guru/Dosen"}}, {"model": "data.citacita", "pk": 4, "fields": {"cita": "Dokter"}}, {"model": "data.citacita", "pk": 5, "fields": {"cita": "Politikus"}}, {"model": "data.citacita", "pk": 6, "fields": {"cita": "Wiraswasta"}}, {"model": "data.citacita", "pk": 7, "fields": {"cita": "Seni/Lukis/Artis/Sejenis"}}, {"model": "data.citacita", "pk": 8, "fields": {"cita": "Lainnya"}}, {"model": "data.statusasalsantri", "pk": 1, "fields": {"statusasalsantri": "Naik dari tingkat/kelas sebelumnya"}}, {"model": "data.statusasalsantri", "pk": 2, "fields": {"statusasalsantri": "Mengulang"}}, {"model": "data.statusasalsantri", "pk": 3, "fields": {"statusasalsantri": "Santri Pindahan"}}, {"model": "data.statusasalsantri", "pk": 4, "fields": {"statusasalsantri": "Drop-Out Kembali"}}, {"model": "data.statusasalsantri", "pk": 5, "fields": {"statusasalsantri": "Santri Baru"}}, {"model": "data.statushidupibu", "pk": 1, "fields": {"statushidupibu": "Masih Hidup"}}, {"model": "data.statushidupibu", "pk": 2, "fields": {"statushidupibu": "Sudah Meninggal"}}, {"model": "data.statushidupayah", "pk": 1, "fields": {"statushidupayah": "Masih Hidup"}}, {"model": "data.statushidupayah", "pk": 2, "fields": {"statushidupayah": "Sudah Meninggal"}}, {"model": "data.pendidikanayah", "pk": 1, "fields": {"pendidikanayah": "<= SLTP"}}, {"model": "data.pendidikanayah", "pk": 2, "fields": {"pendidikanayah": "SLTA"}}, {"model": "data.pendidikanayah", "pk": 3, "fields": {"pendidikanayah": "D1"}}, {"model": "data.pendidikanayah", "pk": 4, "fields": {"pendidikanayah": "D2"}}, {"model": "data.pendidikanayah", "pk": 5, "fields": {"pendidikanayah": "D3"}}, {"model": "data.pendidikanayah", "pk": 6, "fields": {"pendidikanayah": "D4"}}, {"model": "data.pendidikanayah", "pk": 7, "fields": {"pendidikanayah": "S1"}}, {"model": "data.pendidikanibu", "pk": 1, "fields": {"pendidikanibu": "<= SLTP"}}, {"model": "data.pendidikanibu", "pk": 2, "fields": {"pendidikanibu": "SLTA"}}, {"model": "data.pendidikanibu", "pk": 3, "fields": {"pendidikanibu": "D1"}}, {"model": "data.pendidikanibu", "pk": 4, "fields": {"pendidikanibu": "D2"}}, {"model": "data.pendidikanibu", "pk": 5, "fields": {"pendidikanibu": "D3"}}, {"model": "data.pendidikanibu", "pk": 6, "fields": {"pendidikanibu": "D4"}}, {"model": "data.pendidikanibu", "pk": 7, "fields": {"pendidikanibu": "S1"}}, {"model": "data.pendidikanwali", "pk": 1, "fields": {"pendidikanwali": "<= SLTP"}}, {"model": "data.pendidikanwali", "pk": 2, "fields": {"pendidikanwali": "SLTA"}}, {"model": "data.pendidikanwali", "pk": 3, "fields": {"pendidikanwali": "D1"}}, {"model": "data.pendidikanwali", "pk": 4, "fields": {"pendidikanwali": "D2"}}, {"model": "data.pendidikanwali", "pk": 5, "fields": {"pendidikanwali": "D3"}}, {"model": "data.pendidikanwali", "pk": 6, "fields": {"pendidikanwali": "D4"}}, {"model": "data.pendidikanwali", "pk": 7, "fields": {"pendidikanwali": "S1"}}, {"model": "data.penghasilan", "pk": 1, "fields": {"penghasilan": "<= Rp 500.000"}}, {"model": "data.penghasilan", "pk": 2, "fields": {"penghasilan": "Rp 500.000 - Rp 1.000.000"}}, {"model": "data.penghasilan", "pk": 3, "fields": {"penghasilan": "Rp 1.000.000 - Rp 2.000.000"}}, {"model": "data.penghasilan", "pk": 4, "fields": {"penghasilan": "Rp 2.000.000 - Rp 3.000.000"}}, {"model": "data.penghasilan", "pk": 5, "fields": {"penghasilan": "Rp 3.000.000 - Rp 5.000.000"}}, {"model": "data.penghasilan", "pk": 6, "fields": {"penghasilan": "> Rp 5.000.000"}}, {"model": "appsantri.santri", "pk": 1, "fields": {"nis_pesantren": "87642364723846283", "nis_lembaga": null, "nisn": null, "nik": null, "no_kk": null, "nama": "Moh. Maskur", "tempat_lahir": null, "tanggal_lahir": null, "jenis_kelamin": 1, "agama": 1, "hobi": 1, "cita_cita": 1, "anak_ke": 1, "jumlah_saudara": 2, "tanggal_masuk_pesantren": null, "status_asal_santri": 5, "sekolah_asal": null, "alamat_sekolah_asal": "", "propinsi": null, "kabupaten": null, "kecamatan": null, "alamat": "", "wilayah": 16, "lembaga": 9, "diniyah": 8, "tahun_pelajaran": 2, "foto": "fotokosong.gif", "nama_ayah": "Abdul Karim", "status_hidup_ayah": 1, "pendidikan_ayah": 1, "pekerjaan_ayah": null, "no_hp_ayah": null, "nama_ibu": null, "status_hidup_ibu": null, "pendidikan_ibu": null, "pekerjaan_ibu": null, "no_hp_ibu": null, "nama_wali": null, "pendidikan_wali": null, "pekerjaan_wali": null, "no_hp_wali": null, "penghasilan_orang_tua_atau_wali_perbulan": 6}}]